enrollment,actual_duration,AE_total_serious,mean_age_imp,phase_encoded,dropout_rate
450.0,12.0,1.0,17.5,6,3.111111111111111
17.0,60.0,3.0,41.5,2,11.76470588235294
715.0,7.0,349.0,33.89936608557845,4,1.818181818181818
2907.0,13.0,119.0,6.0,6,3.611971104231166
668.0,17.0,140.0,41.5,4,8.532934131736528
2808.0,19.0,5488.0,33.89936608557845,6,18.58974358974359
40.0,1.0,0.0,17.5,2,0.0
3366.0,30.0,47.0,33.89936608557845,0,0.0
53.0,23.0,5.0,17.5,0,7.547169811320755
64.0,1.0,0.0,33.89936608557845,4,0.0
1518.0,18.0,42.0,17.5,6,10.474308300395258
209.0,18.0,58.0,33.89936608557845,3,9.569377990430622
133.0,14.0,6.0,33.89936608557845,2,2.255639097744361
600.0,7.0,1.0,27.0,6,2.0
120.0,43.0,1.0,33.89936608557845,6,5.833333333333333
60.0,3.0,3.0,33.89936608557845,6,1.6666666666666667
979.0,5.0,64.0,41.0,4,13.38100102145046
3006.0,40.0,834.0,32.5,6,13.872255489021956
16165.0,45.0,13928.0,33.89936608557845,6,11.283637488400869
177.0,10.0,4.0,33.89936608557845,6,5.084745762711865
9.0,28.0,3.0,41.5,4,66.66666666666666
64.0,55.0,186.0,41.5,3,0.0
180.0,39.0,2.0,41.5,4,3.333333333333333
50.0,19.0,1.0,33.0,4,8.0
620.0,12.0,17.0,33.89936608557845,7,11.129032258064516
953.0,9.0,505.0,33.89936608557845,4,4.092339979013642
368.0,7.0,2.0,41.0,0,2.4456521739130435
458.0,14.0,4.0,33.89936608557845,6,1.0917030567685588
3360.0,8.0,1135.0,41.0,6,1.25
606.0,3.0,100.0,33.89936608557845,6,3.3003300330033
110.0,9.0,0.0,12.0,6,1.818181818181818
120.0,8.0,18.0,28.5,4,3.333333333333333
168.0,12.0,5.0,33.89936608557845,4,0.0
83.0,66.0,112.0,41.5,4,8.433734939759036
3851.0,9.0,1571.0,33.89936608557845,6,0.5712801869644248
255.0,3.0,0.0,44.5,0,0.0
851.0,27.0,0.0,33.89936608557845,6,0.9400705052878966
1620.0,9.0,12.0,14.5,6,13.333333333333334
512.0,20.0,21.0,39.0,4,12.3046875
611.0,12.0,6.0,14.0,6,0.3273322422258592
225.0,9.0,3.0,20.0,6,7.555555555555555
24.0,48.0,47.0,41.5,2,0.0
96.0,8.0,5.0,33.89936608557845,6,3.125
435.0,22.0,5.0,29.0,4,12.413793103448276
170.0,0.0,0.0,33.89936608557845,0,0.0
1499.0,79.0,18.0,17.5,4,8.872581721147432
275.0,65.0,318.0,41.5,4,87.27272727272727
409.0,5.0,5.0,31.5,6,10.757946210268948
90.0,2.0,1.0,33.89936608557845,7,1.1111111111111112
164.0,6.0,0.0,34.0,2,3.048780487804878
126.0,0.0,0.0,41.5,4,0.0
60.0,3.0,0.0,33.89936608557845,7,0.0
20.0,3.0,1.0,34.0,4,0.0
11999.0,16.0,969.0,33.89936608557845,7,1.2251020918409867
64.0,0.0,0.0,33.89936608557845,4,3.125
1866.0,44.0,4549.0,33.89936608557845,6,7.770632368703108
35.0,53.0,4.0,33.89936608557845,2,2.857142857142857
437.0,34.0,57.0,33.89936608557845,4,7.322654462242563
568.0,34.0,522.0,41.5,6,25.880281690140844
525.0,10.0,3.0,36.5,4,6.666666666666667
1393.0,6.0,1016.0,33.89936608557845,4,2.9432878679109837
354.0,14.0,38.0,33.89936608557845,6,2.2598870056497176
240.0,2.0,0.0,33.89936608557845,7,0.0
22.0,6.0,0.0,41.5,2,13.636363636363637
678.0,18.0,390.0,29.0,2,5.604719764011799
215.0,14.0,14.0,36.0,4,66.04651162790698
433.0,33.0,0.0,33.89936608557845,6,26.32794457274827
357.0,2.0,2.0,33.89936608557845,4,0.0
755.0,4.0,23.0,67.5,6,7.28476821192053
250.0,5.0,5.0,67.5,6,3.2
777.0,6.0,40.0,33.89936608557845,6,8.622908622908623
24.0,64.0,8.0,69.5,3,0.0
71.0,14.0,0.0,36.5,4,0.0
1116.0,76.0,126.0,54.5,6,36.20071684587813
354.0,16.0,6.0,26.5,6,6.779661016949152
482.0,8.0,19.0,33.89936608557845,7,4.149377593360995
129.0,4.0,0.0,19.0,4,0.0
60.0,4.0,1.0,33.89936608557845,7,0.0
144.0,18.0,0.0,33.89936608557845,7,0.6944444444444444
301.0,21.0,2.0,33.89936608557845,4,19.93355481727575
1250.0,5.0,6.0,41.0,7,2.48
16.0,75.0,0.0,69.0,3,6.25
818.0,7.0,67.0,33.89936608557845,7,11.124694376528115
319.0,47.0,33.0,29.0,4,11.598746081504702
708.0,28.0,225.0,33.89936608557845,6,44.2090395480226
284.0,18.0,248.0,33.89936608557845,6,6.338028169014084
420.0,4.0,15.0,29.0,2,3.095238095238096
130.0,34.0,70.0,9.5,4,11.538461538461538
72.0,30.0,3.0,28.0,3,15.27777777777778
34.0,50.0,49.0,59.0,2,5.88235294117647
24.0,81.0,4.0,41.5,3,0.0
40.0,14.0,2.0,36.5,2,0.0
305.0,3.0,113.0,3.5,7,1.639344262295082
300.0,7.0,0.0,39.0,6,0.0
270.0,14.0,4.0,14.0,4,2.9629629629629632
60.0,13.0,0.0,36.5,2,0.0
5.0,49.0,3.0,41.5,4,60.0
56.0,183.0,1.0,41.5,4,39.285714285714285
227.0,11.0,4.0,33.5,3,0.881057268722467
385.0,15.0,79.0,33.89936608557845,4,7.792207792207792
498.0,3.0,18.0,33.89936608557845,6,1.4056224899598393
552.0,5.0,2.0,39.0,6,0.9057971014492754
1437.0,9.0,118.0,33.89936608557845,6,1.9485038274182327
243.0,1.0,1.0,39.0,4,0.0
303.0,6.0,3.0,33.5,7,3.3003300330033
1206.0,3.0,696.0,39.0,6,1.5754560530679935
140.0,23.0,0.0,31.5,2,5.714285714285714
1106.0,19.0,38.0,33.89936608557845,6,0.9041591320072332
456.0,5.0,8.0,33.89936608557845,7,3.947368421052632
110.0,4.0,0.0,33.5,4,0.0
414.0,3.0,8.0,6.0,6,0.0
1330.0,49.0,9.0,41.0,7,1.7293233082706767
86.0,19.0,69.0,29.0,4,2.3255813953488373
78.0,3.0,3.0,41.0,4,2.564102564102564
666.0,12.0,3.0,4.0,7,4.804804804804805
271.0,7.0,1.0,19.0,4,3.321033210332104
270.0,13.0,600.0,29.0,4,9.62962962962963
37.0,11.0,2.0,34.0,4,0.0
24.0,17.0,29.0,34.0,2,4.166666666666666
2590.0,34.0,1605.0,33.89936608557845,7,4.324324324324325
1200.0,1.0,44.0,39.0,6,0.4166666666666667
180.0,2.0,6.0,33.89936608557845,7,0.0
255.0,14.0,108.0,26.5,4,19.607843137254903
461.0,11.0,5.0,33.89936608557845,4,4.338394793926248
1000.0,8.0,205.0,33.89936608557845,6,3.8
546.0,18.0,9.0,33.89936608557845,6,5.677655677655678
30.0,4.0,0.0,30.0,3,3.333333333333333
788.0,50.0,647.0,33.89936608557845,6,4.060913705583756
1893.0,3.0,18.0,33.5,6,2.641310089804543
238.0,7.0,16.0,33.89936608557845,6,2.941176470588235
383.0,4.0,27.0,21.5,4,9.138381201044384
4432.0,13.0,260.0,33.89936608557845,6,5.166967509025271
613.0,9.0,34.0,33.89936608557845,4,1.794453507340946
1072.0,13.0,3.0,18.0,6,1.6791044776119404
11.0,23.0,0.0,41.5,4,81.81818181818183
1352.0,7.0,11.0,36.5,6,1.4053254437869822
1664.0,25.0,72.0,33.89936608557845,6,7.8125
702.0,38.0,319.0,33.89936608557845,6,3.7037037037037033
65.0,32.0,5.0,31.5,2,20.0
389.0,16.0,14.0,33.89936608557845,7,3.8560411311053984
120.0,1.0,0.0,41.5,7,0.0
1718.0,12.0,607.0,33.89936608557845,6,1.80442374854482
31989.0,20.0,3433.0,33.89936608557845,7,4.739129075619744
182.0,111.0,132.0,41.5,4,12.087912087912088
2000.0,30.0,877.0,41.5,4,21.7
23.0,57.0,1.0,41.5,3,0.0
3109.0,9.0,34.0,33.89936608557845,6,4.3100675458346736
540.0,12.0,1150.0,33.89936608557845,4,4.62962962962963
234.0,14.0,0.0,11.0,4,2.564102564102564
403.0,9.0,440.0,33.89936608557845,6,3.970223325062035
30.0,19.0,0.0,33.89936608557845,7,0.0
263.0,12.0,5.0,33.89936608557845,6,0.0
120.0,18.0,1.0,41.5,7,0.0
1317.0,12.0,137.0,75.0,6,7.517084282460136
22.0,32.0,4.0,69.0,2,9.090909090909092
280.0,18.0,17.0,39.0,2,6.071428571428571
152.0,3.0,5.0,22.5,6,2.631578947368421
218.0,7.0,0.0,33.89936608557845,6,1.834862385321101
2116.0,4.0,24.0,10.0,6,5.198487712665406
613.0,25.0,329.0,33.89936608557845,6,9.29853181076672
666.0,21.0,884.0,33.89936608557845,6,22.52252252252252
545.0,18.0,7.0,42.0,7,0.7339449541284404
173.0,8.0,1.0,33.89936608557845,7,2.312138728323699
86.0,14.0,4.0,31.5,4,12.790697674418606
524.0,17.0,15.0,14.0,4,2.2900763358778624
1330.0,14.0,25.0,14.5,6,6.7669172932330826
11404.0,9.0,1859.0,33.5,6,4.910557699052964
619.0,21.0,696.0,33.89936608557845,6,6.623586429725363
843.0,12.0,6.0,14.0,6,0.8303677342823249
41.0,69.0,2.0,59.0,2,60.97560975609756
583.0,8.0,7.0,33.89936608557845,4,1.5437392795883362
132.0,83.0,0.0,41.5,2,4.545454545454546
1737.0,25.0,202.0,33.89936608557845,4,15.659182498560735
13.0,109.0,0.0,41.5,4,0.0
80.0,12.0,0.0,29.0,2,1.25
600.0,2.0,2.0,33.89936608557845,4,0.0
192.0,12.0,13.0,41.0,4,5.729166666666666
107.0,12.0,0.0,41.5,0,0.0
5075.0,8.0,65.0,41.5,6,3.2906403940886704
257.0,10.0,62.0,33.89936608557845,4,0.3891050583657587
611.0,2.0,15.0,29.5,4,9.165302782324058
180.0,25.0,2.0,38.5,6,0.0
180.0,6.0,3.0,33.89936608557845,7,0.0
649.0,52.0,49.0,33.89936608557845,0,0.0
433.0,17.0,100.0,33.89936608557845,6,1.1547344110854505
9.0,20.0,0.0,41.5,2,0.0
884.0,34.0,27.0,64.5,4,0.5656108597285068
353.0,5.0,3.0,23.5,4,0.0
105.0,34.0,0.0,41.0,4,4.761904761904762
12046.0,37.0,5242.0,33.89936608557845,6,3.3704134152415737
88.0,1.0,0.0,29.0,4,2.272727272727273
1714.0,14.0,178.0,14.5,4,9.509918319719954
60.0,47.0,2.0,41.5,4,78.33333333333333
30.0,5.0,0.0,33.89936608557845,7,0.0
136.0,39.0,12.0,33.89936608557845,4,69.85294117647058
11.0,31.0,5.0,41.5,4,0.0
430.0,8.0,153.0,33.89936608557845,6,4.883720930232558
667.0,66.0,103.0,29.0,4,20.98950524737631
500.0,19.0,490.0,33.89936608557845,6,3.2
1316.0,0.0,3.0,41.0,4,0.0
22.0,11.0,1.0,34.0,2,0.0
120.0,1.0,0.0,41.5,7,0.0
215.0,7.0,0.0,12.0,7,0.0
101.0,14.0,0.0,33.89936608557845,6,0.0
324.0,5.0,3.0,33.89936608557845,6,0.9259259259259258
2098.0,8.0,135.0,41.5,4,0.905624404194471
1021.0,39.0,126.0,22.0,4,11.165523996082271
31.0,11.0,0.0,33.89936608557845,7,0.0
96.0,49.0,0.0,33.89936608557845,4,0.0
400.0,26.0,299.0,33.89936608557845,4,4.0
59.0,100.0,35.0,45.5,4,20.33898305084746
653.0,23.0,18.0,33.89936608557845,7,24.655436447166924
107.0,33.0,2.0,13.0,4,0.0
362.0,12.0,21.0,33.89936608557845,6,0.0
806.0,8.0,1164.0,33.89936608557845,6,1.6129032258064515
133.0,0.0,0.0,33.89936608557845,4,0.0
1042.0,12.0,2.0,14.0,6,4.702495201535509
105.0,26.0,50.0,33.89936608557845,6,0.9523809523809524
61.0,56.0,301.0,41.5,4,68.85245901639344
91.0,53.0,6.0,35.0,2,29.67032967032967
351.0,12.0,33.0,33.89936608557845,6,2.564102564102564
1586.0,7.0,19.0,33.5,6,1.7654476670870116
60.0,16.0,0.0,33.0,4,3.333333333333333
126.0,5.0,4.0,33.89936608557845,4,0.7936507936507936
22.0,4.0,0.0,19.0,7,0.0
380.0,14.0,640.0,29.0,3,11.842105263157894
528.0,30.0,21.0,11.0,6,64.77272727272727
480.0,28.0,6.0,11.5,6,40.833333333333336
118.0,8.0,5.0,32.0,4,15.254237288135592
1050.0,48.0,494.0,29.5,4,65.52380952380953
251.0,7.0,24.0,17.5,4,8.764940239043826
1363.0,16.0,19.0,33.89936608557845,3,2.494497432134996
12.0,18.0,1.0,41.5,2,0.0
90.0,25.0,4.0,31.5,4,44.44444444444444
449.0,20.0,248.0,33.89936608557845,6,4.67706013363029
792.0,25.0,290.0,33.89936608557845,6,9.343434343434344
123.0,5.0,0.0,40.0,5,5.691056910569105
720.0,31.0,209.0,33.89936608557845,6,4.583333333333333
150.0,26.0,26.0,12.5,4,10.0
1245.0,39.0,43.0,12.0,6,6.907630522088354
600.0,23.0,28.0,12.5,4,9.333333333333334
1198.0,67.0,166.0,23.5,4,12.687813021702835
11.0,62.0,0.0,41.5,3,27.27272727272727
1843.0,15.0,3.0,33.89936608557845,6,0.0
2004.0,13.0,7.0,41.5,6,1.2974051896207583
1134.0,5.0,12.0,41.0,6,1.6754850088183422
613.0,2.0,8.0,33.5,4,0.3262642740619902
269.0,15.0,170.0,33.89936608557845,6,2.973977695167286
21.0,36.0,8.0,41.5,4,4.761904761904762
3819.0,60.0,75.0,34.5,6,15.187221785807804
101.0,7.0,0.0,33.89936608557845,4,19.8019801980198
600.0,6.0,42.0,33.89936608557845,6,7.5
34.0,12.0,0.0,31.5,2,23.52941176470588
1350.0,7.0,14.0,33.5,6,4.666666666666667
40.0,17.0,0.0,34.5,2,0.0
40.0,52.0,28.0,41.5,4,0.0
3539.0,5.0,35.0,33.0,6,2.740887256287087
219.0,7.0,1.0,11.5,6,19.17808219178082
22.0,33.0,19.0,41.5,3,0.0
1409.0,33.0,4740.0,33.89936608557845,6,4.9680624556423
43.0,4.0,0.0,34.5,4,0.0
520.0,12.0,7.0,10.0,6,1.3461538461538465
570.0,12.0,7.0,19.5,6,1.7543859649122806
171.0,62.0,101.0,41.5,4,0.0
30.0,41.0,10.0,41.5,2,63.33333333333333
6104.0,15.0,2134.0,33.89936608557845,6,5.242463958060288
200.0,39.0,224.0,33.89936608557845,7,19.5
580.0,26.0,212.0,33.89936608557845,4,21.20689655172414
1202.0,2.0,1.0,33.5,6,0.6655574043261231
44.0,59.0,122.0,41.5,3,18.181818181818183
63.0,0.0,0.0,33.89936608557845,4,0.0
466.0,13.0,0.0,33.89936608557845,6,0.0
475.0,12.0,8.0,33.89936608557845,7,18.31578947368421
789.0,15.0,49.0,41.5,4,2.915082382762991
63.0,81.0,0.0,69.0,4,0.0
300.0,6.0,1.0,33.5,7,0.0
84.0,15.0,23.0,28.5,4,2.380952380952381
720.0,1.0,4.0,33.89936608557845,4,0.1388888888888889
599.0,7.0,2.0,33.89936608557845,4,2.504173622704508
471.0,6.0,4.0,33.89936608557845,6,4.670912951167728
406.0,7.0,14.0,41.5,4,1.477832512315271
11.0,30.0,12.0,41.5,3,100.0
183.0,14.0,72.0,28.5,4,2.73224043715847
240.0,20.0,4.0,33.5,4,3.333333333333333
28.0,10.0,0.0,35.0,4,0.0
43.0,65.0,0.0,41.5,4,23.25581395348837
707.0,13.0,6.0,33.89936608557845,6,1.555869872701556
1300.0,15.0,25.0,17.0,6,2.0
103.0,24.0,32.0,41.5,4,33.980582524271846
601.0,10.0,464.0,33.89936608557845,4,6.988352745424292
250.0,4.0,0.0,41.5,7,2.0
84.0,9.0,2.0,33.89936608557845,4,7.142857142857142
18.0,71.0,20.0,41.5,4,0.0
378.0,43.0,1.0,41.5,4,7.936507936507936
3340.0,20.0,1140.0,33.89936608557845,6,9.461077844311378
440.0,2.0,1.0,41.5,6,0.0
170.0,59.0,0.0,69.0,3,43.52941176470589
120.0,5.0,0.0,41.5,7,0.0
310.0,7.0,10.0,13.5,4,0.0
115.0,9.0,0.0,7.0,6,0.0
81.0,39.0,1.0,31.5,4,8.641975308641975
351.0,27.0,8.0,33.0,4,8.262108262108262
1511.0,27.0,78.0,33.89936608557845,6,9.927200529450694
756.0,13.0,327.0,33.89936608557845,4,8.465608465608465
7466.0,79.0,13189.0,21.5,6,7.125636217519421
95.0,1.0,0.0,29.0,2,0.0
22.0,27.0,1.0,41.5,4,22.727272727272727
327.0,6.0,239.0,33.89936608557845,6,2.4464831804281344
34.0,7.0,0.0,33.89936608557845,7,0.0
120.0,1.0,0.0,41.5,7,0.0
480.0,17.0,65.0,33.89936608557845,4,5.625
20.0,84.0,138.0,46.5,4,5.0
277.0,17.0,36.0,41.5,6,14.8014440433213
120.0,0.0,0.0,41.5,7,0.8333333333333334
24.0,68.0,88.0,41.5,4,0.0
1054.0,14.0,16.0,13.0,6,1.5180265654648957
107.0,35.0,23.0,41.5,0,32.71028037383177
910.0,19.0,120.0,33.89936608557845,4,18.461538461538463
31.0,19.0,0.0,33.89936608557845,0,0.0
745.0,12.0,1.0,33.89936608557845,6,0.6711409395973155
312.0,3.0,8.0,33.89936608557845,4,0.3205128205128205
1025.0,14.0,118.0,33.89936608557845,4,2.1463414634146343
302.0,15.0,96.0,33.89936608557845,6,1.6556291390728477
163.0,8.0,13.0,33.89936608557845,4,14.11042944785276
300.0,5.0,1.0,33.89936608557845,7,0.0
2141.0,53.0,79.0,41.0,6,71.22839794488557
763.0,6.0,18.0,33.89936608557845,6,3.669724770642202
271.0,39.0,0.0,10.0,6,2.5830258302583027
1250.0,8.0,22.0,41.0,4,0.5599999999999999
43.0,47.0,0.0,31.5,3,2.3255813953488373
36.0,60.0,0.0,44.0,4,25.0
136.0,15.0,12.0,52.5,4,2.2058823529411766
81.0,20.0,0.0,41.0,7,2.469135802469136
240.0,22.0,1.0,29.0,2,0.4166666666666667
126.0,1.0,0.0,41.5,6,0.0
200.0,2.0,2.0,41.5,7,0.0
531.0,9.0,6.0,33.89936608557845,4,0.7532956685499058
60.0,9.0,0.0,15.0,4,0.0
165.0,13.0,3.0,33.89936608557845,6,0.6060606060606061
231.0,11.0,1.0,54.0,4,3.0303030303030303
20.0,5.0,0.0,25.0,7,0.0
100.0,6.0,3.0,42.0,4,0.0
282.0,16.0,4.0,33.89936608557845,6,28.723404255319156
101.0,32.0,1.0,13.5,4,0.99009900990099
750.0,9.0,261.0,33.89936608557845,6,10.133333333333333
240.0,18.0,7.0,38.5,4,51.24999999999999
1301.0,27.0,792.0,33.89936608557845,4,11.068408916218294
1761.0,19.0,61.0,33.89936608557845,6,12.49290176036343
2357.0,17.0,31.0,41.5,6,31.01400084853628
80.0,7.0,0.0,34.0,4,0.0
360.0,5.0,0.0,28.5,6,0.2777777777777778
31.0,87.0,18.0,69.0,3,9.67741935483871
480.0,40.0,219.0,33.89936608557845,4,18.33333333333333
388.0,9.0,96.0,33.89936608557845,4,3.0927835051546397
165.0,3.0,0.0,33.89936608557845,6,1.2121212121212122
22.0,84.0,14.0,41.5,0,4.545454545454546
735.0,9.0,438.0,33.89936608557845,6,4.489795918367347
155.0,6.0,0.0,19.5,4,4.516129032258064
130.0,13.0,45.0,28.5,4,7.6923076923076925
1539.0,2.0,40.0,33.89936608557845,6,0.649772579597141
1258.0,19.0,90.0,33.89936608557845,6,2.7821939586645468
1189.0,17.0,29.0,33.89936608557845,6,11.185870479394447
412.0,13.0,36.0,33.89936608557845,6,4.611650485436893
520.0,5.0,16.0,33.89936608557845,4,11.73076923076923
817.0,9.0,75.0,33.89936608557845,4,1.2239902080783354
286.0,24.0,115.0,33.89936608557845,6,12.587412587412588
894.0,19.0,1391.0,33.89936608557845,4,22.595078299776286
179.0,17.0,0.0,33.89936608557845,7,40.78212290502793
1783.0,59.0,3114.0,41.5,6,31.015143017386425
61.0,14.0,0.0,31.5,2,3.278688524590164
4659.0,8.0,849.0,41.5,6,1.2663661729984974
402.0,3.0,1.0,6.5,7,3.482587064676617
60.0,4.0,1.0,33.89936608557845,7,0.0
245.0,13.0,8.0,10.0,6,2.0408163265306123
145.0,2.0,33.0,33.89936608557845,6,2.0689655172413794
36.0,17.0,0.0,31.5,2,2.7777777777777777
10000.0,17.0,287.0,33.89936608557845,7,0.0
5715.0,22.0,822.0,17.5,6,14.52318460192476
23939.0,2.0,38.0,33.89936608557845,0,0.0
1761.0,7.0,14.0,33.89936608557845,6,2.2146507666098807
55.0,4.0,1.0,34.0,6,1.818181818181818
12.0,4.0,0.0,33.89936608557845,7,0.0
58.0,71.0,9.0,41.5,4,0.0
18.0,18.0,7.0,41.5,2,72.22222222222221
1053.0,10.0,159.0,49.0,3,3.133903133903134
130.0,12.0,3.0,39.0,6,0.7692307692307693
60.0,26.0,0.0,34.0,2,8.333333333333332
391.0,3.0,11.0,33.89936608557845,4,0.2557544757033248
110.0,1.0,0.0,41.5,0,0.0
204.0,4.0,1.0,33.89936608557845,6,0.9803921568627452
102.0,28.0,5.0,51.5,2,5.88235294117647
331.0,30.0,119.0,41.5,6,18.12688821752266
123.0,21.0,9.0,41.5,4,14.634146341463412
473.0,3.0,7.0,33.89936608557845,4,9.30232558139535
1274.0,7.0,517.0,33.89936608557845,6,7.927786499215071
110.0,37.0,4.0,34.0,4,19.090909090909093
66.0,12.0,4.0,33.89936608557845,0,9.090909090909092
11.0,3.0,10.0,59.0,2,9.090909090909092
100.0,8.0,1.0,33.5,2,0.0
122.0,25.0,10.0,54.0,4,12.295081967213116
500.0,8.0,2.0,33.0,4,0.6
105.0,4.0,1.0,33.89936608557845,6,0.9523809523809524
2133.0,16.0,579.0,33.89936608557845,6,1.3595874355368025
60.0,3.0,0.0,31.5,2,0.0
7.0,0.0,0.0,7.5,3,0.0
4021.0,14.0,112.0,33.89936608557845,6,0.845560805769709
13.0,91.0,3.0,41.5,3,15.384615384615383
166.0,53.0,704.0,41.5,3,22.289156626506024
882.0,32.0,3.0,5.5,4,6.235827664399093
379.0,15.0,28.0,33.89936608557845,6,1.0554089709762533
80.0,18.0,2.0,31.5,2,0.0
945.0,8.0,2.0,33.5,5,2.328042328042328
66.0,74.0,126.0,41.5,3,62.121212121212125
51.0,64.0,4.0,33.89936608557845,3,3.92156862745098
277.0,11.0,2.0,41.5,7,30.324909747292416
155.0,10.0,6.0,14.5,4,3.225806451612903
46.0,11.0,0.0,41.0,2,0.0
4514.0,28.0,59.0,9.5,6,0.3987594151528577
35.0,5.0,0.0,36.0,2,0.0
34.0,20.0,0.0,35.5,4,11.76470588235294
1778.0,1.0,109.0,33.89936608557845,6,1.0123734533183353
450.0,15.0,18.0,33.89936608557845,6,12.666666666666668
623.0,14.0,95.0,33.89936608557845,4,5.617977528089887
50.0,31.0,22.0,10.0,2,8.0
8323.0,80.0,7544.0,24.0,6,24.6545716688694
2968.0,16.0,102.0,21.0,6,16.442048517520217
600.0,18.0,5.0,33.89936608557845,4,1.8333333333333333
15.0,36.0,0.0,41.5,2,6.666666666666667
605.0,21.0,588.0,33.89936608557845,6,6.6115702479338845
116.0,21.0,1.0,58.5,4,8.620689655172415
300.0,4.0,0.0,57.0,4,0.6666666666666667
2235.0,3.0,82.0,41.5,6,1.0738255033557047
480.0,1.0,2.0,41.5,6,2.5
1500.0,10.0,10.0,6.0,6,0.6666666666666667
300.0,8.0,6.0,34.0,4,12.0
168.0,19.0,202.0,33.89936608557845,6,2.380952380952381
550.0,26.0,6.0,9.5,7,10.545454545454543
175.0,76.0,255.0,41.5,4,96.57142857142856
520.0,5.0,10.0,17.5,4,0.0
208.0,1.0,1.0,41.5,7,0.4807692307692308
26.0,16.0,0.0,36.5,2,11.538461538461538
66.0,7.0,6.0,33.89936608557845,0,7.575757575757576
705.0,13.0,1091.0,33.89936608557845,6,8.794326241134751
40.0,65.0,60.0,48.5,4,2.5
513.0,18.0,5.0,39.0,2,4.678362573099415
570.0,6.0,9.0,33.89936608557845,6,4.736842105263158
400.0,19.0,37.0,33.89936608557845,4,3.25
1997.0,27.0,86.0,33.89936608557845,6,18.42764146219329
300.0,18.0,71.0,33.89936608557845,6,0.6666666666666667
321.0,16.0,356.0,33.89936608557845,7,16.1993769470405
52.0,3.0,0.0,33.89936608557845,6,1.9230769230769231
400.0,8.0,1.0,33.89936608557845,6,6.0
20.0,54.0,0.0,69.0,4,0.0
406.0,9.0,11.0,31.5,4,1.9704433497536944
276.0,6.0,0.0,10.0,7,0.0
208.0,3.0,3.0,41.5,7,0.0
400.0,18.0,0.0,33.89936608557845,6,1.0
528.0,53.0,21.0,41.5,4,10.037878787878787
849.0,7.0,30.0,41.5,4,6.9493521790341575
144.0,6.0,27.0,33.89936608557845,2,4.166666666666666
1021.0,51.0,5.0,34.0,7,2.546523016650343
40.0,14.0,0.0,34.0,2,5.0
102.0,2.0,0.0,31.5,4,0.0
27.0,19.0,0.0,36.5,2,7.4074074074074066
63.0,1.0,0.0,33.89936608557845,4,1.5873015873015872
32.0,158.0,3.0,54.0,4,12.5
548.0,14.0,31.0,41.5,4,0.364963503649635
3027.0,8.0,102.0,33.89936608557845,6,2.708952758506772
726.0,2.0,3.0,33.89936608557845,6,0.8264462809917356
102.0,16.0,3.0,41.0,4,0.9803921568627452
7109.0,12.0,1382.0,33.89936608557845,6,5.443803629202419
908.0,17.0,478.0,33.89936608557845,7,1.762114537444934
91.0,6.0,0.0,33.89936608557845,6,0.0
225.0,15.0,438.0,33.89936608557845,6,7.555555555555555
103.0,6.0,8.0,16.5,6,3.883495145631068
301.0,7.0,1.0,33.5,7,0.9966777408637874
43.0,24.0,0.0,13.0,2,0.0
1101.0,7.0,208.0,33.89936608557845,6,3.2697547683923704
341.0,5.0,2.0,10.0,6,0.2932551319648094
360.0,8.0,515.0,33.89936608557845,6,1.9444444444444444
478.0,18.0,2.0,26.5,2,7.949790794979079
67.0,18.0,0.0,41.0,7,0.0
185.0,19.0,180.0,33.89936608557845,4,3.783783783783784
224.0,6.0,42.0,33.89936608557845,4,0.8928571428571428
767.0,48.0,0.0,33.89936608557845,7,0.2607561929595828
191.0,24.0,12.0,36.5,4,6.282722513089005
459.0,2.0,13.0,33.89936608557845,4,3.485838779956427
751.0,18.0,566.0,33.89936608557845,6,23.96804260985353
274.0,20.0,82.0,33.89936608557845,6,0.364963503649635
3344.0,7.0,38.0,32.5,6,3.050239234449761
454.0,20.0,26.0,33.5,4,25.55066079295154
468.0,5.0,2.0,39.0,6,5.982905982905983
750.0,28.0,285.0,33.89936608557845,6,18.666666666666668
60.0,7.0,2.0,33.89936608557845,4,5.0
118.0,16.0,1.0,46.5,5,4.23728813559322
493.0,91.0,390.0,59.0,4,54.76673427991886
60.0,4.0,0.0,33.5,2,5.0
803.0,75.0,375.0,33.89936608557845,6,22.91407222914072
996.0,4.0,16.0,29.0,4,0.9036144578313252
206.0,4.0,0.0,35.0,6,0.0
11834.0,0.0,5049.0,41.5,0,0.0
13.0,26.0,0.0,41.5,2,30.76923076923077
23.0,53.0,20.0,41.5,4,82.6086956521739
138.0,9.0,3.0,36.5,6,1.4492753623188406
1707.0,3.0,996.0,41.5,6,2.81195079086116
300.0,13.0,23.0,39.0,6,3.0
1375.0,14.0,742.0,33.89936608557845,6,2.8363636363636364
336.0,0.0,25.0,39.0,6,3.869047619047619
206.0,10.0,1.0,33.5,2,19.902912621359224
1796.0,10.0,115.0,33.89936608557845,6,3.841870824053452
1170.0,4.0,1.0,21.5,6,1.452991452991453
40.0,3.0,2.0,70.0,2,0.0
37.0,47.0,0.0,33.5,7,21.62162162162162
607.0,15.0,11.0,33.89936608557845,6,7.413509060955518
1.0,34.0,0.0,41.5,4,100.0
50.0,12.0,0.0,41.5,6,2.0
156.0,14.0,0.0,33.89936608557845,6,10.897435897435898
33.0,82.0,184.0,41.5,2,90.9090909090909
713.0,2.0,1.0,33.5,4,2.524544179523142
1013.0,6.0,11.0,17.5,4,3.356367226061204
44.0,18.0,63.0,41.5,2,2.272727272727273
805.0,10.0,11.0,33.89936608557845,6,3.602484472049689
158.0,40.0,205.0,11.5,6,44.936708860759495
121.0,21.0,136.0,41.5,4,18.181818181818183
1800.0,51.0,194.0,9.5,4,17.833333333333336
20.0,0.0,0.0,34.0,0,5.0
82.0,21.0,0.0,31.5,2,14.634146341463412
575.0,45.0,248.0,33.89936608557845,6,21.39130434782609
1474.0,3.0,13.0,33.89936608557845,6,3.188602442333785
474.0,7.0,2.0,33.89936608557845,4,3.375527426160337
152.0,17.0,0.0,8.0,7,6.578947368421052
4065.0,59.0,40.0,21.0,6,39.31119311193112
399.0,17.0,57.0,28.5,4,3.7593984962406015
51.0,7.0,0.0,34.0,2,29.411764705882355
14819.0,60.0,6443.0,33.89936608557845,6,15.99298198258992
3537.0,18.0,1.0,33.89936608557845,7,5.089058524173027
91.0,15.0,6.0,41.0,7,18.68131868131868
389.0,2.0,7.0,41.5,6,4.370179948586118
201.0,7.0,1.0,17.5,6,1.4925373134328357
576.0,13.0,267.0,33.89936608557845,4,0.1736111111111111
45.0,22.0,1.0,41.5,3,11.11111111111111
301.0,9.0,25.0,33.89936608557845,4,5.647840531561462
200.0,34.0,814.0,33.89936608557845,6,11.5
201.0,9.0,41.0,33.89936608557845,3,4.477611940298507
32.0,42.0,0.0,49.0,4,0.0
19.0,57.0,1.0,41.5,4,21.052631578947366
29255.0,142.0,57.0,11.0,7,0.0
100.0,13.0,13.0,33.89936608557845,2,4.0
551.0,14.0,705.0,33.89936608557845,6,11.252268602540836
60.0,39.0,12.0,69.0,4,78.33333333333333
2799.0,60.0,0.0,33.89936608557845,6,3.1439799928545917
40.0,8.0,5.0,33.89936608557845,2,2.5
6181.0,35.0,9096.0,33.89936608557845,6,8.137841773175863
116.0,18.0,0.0,41.5,7,0.0
720.0,27.0,69.0,62.0,6,10.694444444444445
1950.0,5.0,149.0,33.89936608557845,7,7.333333333333333
389.0,45.0,2.0,14.5,6,0.5141388174807198
33.0,4.0,0.0,33.89936608557845,7,6.0606060606060606
1507.0,16.0,9145.0,33.89936608557845,4,3.64963503649635
120.0,19.0,6.0,44.0,2,0.8333333333333334
15.0,16.0,0.0,17.5,7,13.333333333333334
454.0,2.0,3.0,33.89936608557845,6,1.1013215859030838
4003.0,17.0,4538.0,33.89936608557845,6,13.5898076442668
12.0,37.0,10.0,41.5,4,8.333333333333332
32.0,4.0,0.0,33.89936608557845,7,0.0
67.0,81.0,0.0,15.0,0,14.925373134328357
121.0,2.0,0.0,41.5,7,0.0
394.0,14.0,7.0,33.89936608557845,3,0.0
60.0,16.0,0.0,34.5,2,0.0
43.0,2.0,0.0,29.5,4,0.0
408.0,7.0,19.0,41.5,4,0.7352941176470588
805.0,8.0,44.0,41.5,4,1.4906832298136643
28.0,44.0,4.0,44.0,4,0.0
370.0,7.0,72.0,33.89936608557845,6,1.6216216216216215
390.0,11.0,60.0,33.89936608557845,4,1.7948717948717947
34.0,13.0,1.0,33.89936608557845,3,0.0
48.0,39.0,0.0,29.0,2,29.166666666666668
34.0,27.0,0.0,5.5,7,8.823529411764707
600.0,15.0,91.0,33.89936608557845,6,1.5
28.0,56.0,51.0,49.0,4,7.142857142857142
128.0,4.0,0.0,38.5,4,0.0
200.0,6.0,5.0,39.0,6,16.0
87.0,18.0,3.0,29.0,2,14.942528735632186
240.0,12.0,116.0,41.5,6,1.25
210.0,14.0,1.0,10.0,6,4.285714285714286
20.0,9.0,0.0,42.5,4,0.0
45.0,21.0,46.0,34.0,2,13.333333333333334
86.0,25.0,5.0,33.89936608557845,6,0.0
63.0,1.0,0.0,33.89936608557845,4,0.0
11.0,14.0,4.0,46.5,3,27.27272727272727
180.0,65.0,22.0,23.5,4,7.777777777777778
203.0,47.0,8.0,44.0,4,7.881773399014778
346.0,43.0,8.0,41.5,6,13.872832369942197
136.0,99.0,138.0,59.0,7,63.97058823529412
15.0,50.0,104.0,41.5,4,0.0
40.0,3.0,0.0,34.0,2,0.0
100.0,6.0,0.0,13.0,6,0.0
241.0,4.0,0.0,33.89936608557845,7,2.904564315352697
60.0,9.0,0.0,5.0,7,0.0
120.0,0.0,0.0,41.5,7,0.8333333333333334
188.0,4.0,2.0,33.89936608557845,4,0.0
120.0,0.0,0.0,41.5,6,0.0
4002.0,55.0,842.0,7.5,4,4.3478260869565215
9.0,6.0,0.0,29.0,6,0.0
18.0,23.0,0.0,41.5,7,5.555555555555555
60.0,4.0,0.0,31.5,2,0.0
353.0,3.0,0.0,33.5,3,5.6657223796034
87.0,29.0,0.0,5.0,4,4.597701149425287
10160.0,8.0,673.0,41.0,6,7.066929133858267
1473.0,25.0,1548.0,33.89936608557845,6,16.08961303462322
10644.0,23.0,17614.0,33.89936608557845,6,14.3836903419767
102.0,15.0,0.0,36.5,6,100.0
606.0,28.0,399.0,60.0,4,10.231023102310232
241.0,15.0,2.0,31.5,2,6.639004149377594
4748.0,24.0,177.0,33.5,4,12.047177759056444
301.0,7.0,0.0,33.5,7,0.6644518272425249
1268.0,3.0,75.0,33.89936608557845,7,1.498422712933754
120.0,3.0,0.0,41.5,7,0.8333333333333334
100.0,6.0,0.0,42.0,4,1.0
19334.0,2.0,0.0,33.89936608557845,0,0.0
466.0,10.0,103.0,33.89936608557845,6,0.4291845493562232
87.0,84.0,0.0,69.0,4,74.71264367816092
263.0,7.0,0.0,33.89936608557845,6,0.7604562737642585
762.0,12.0,177.0,33.89936608557845,6,3.674540682414698
807.0,8.0,44.0,33.89936608557845,4,0.6195786864931847
33.0,11.0,7.0,33.89936608557845,2,6.0606060606060606
50.0,67.0,0.0,41.5,3,4.0
603.0,23.0,322.0,33.89936608557845,6,6.301824212271974
2831.0,3.0,22.0,42.0,6,1.6248675379724478
192.0,13.0,21.0,41.5,6,1.0416666666666663
976.0,4.0,65.0,33.89936608557845,6,3.995901639344263
129.0,11.0,0.0,41.5,1,8.527131782945736
271.0,17.0,50.0,36.5,6,2.214022140221402
300.0,6.0,1.0,33.5,7,0.0
4545.0,18.0,8113.0,33.89936608557845,6,15.203520352035206
312.0,7.0,23.0,41.5,6,9.935897435897436
1000.0,21.0,146.0,41.5,6,0.0
151.0,7.0,1.0,35.5,4,1.3245033112582782
99.0,36.0,0.0,19.5,4,20.2020202020202
87.0,12.0,0.0,31.5,2,10.344827586206897
11.0,10.0,0.0,21.5,7,9.090909090909092
119.0,2.0,1.0,41.5,4,0.8403361344537815
303.0,37.0,16.0,33.89936608557845,6,7.920792079207921
342.0,3.0,2.0,33.89936608557845,6,0.5847953216374269
48.0,19.0,1.0,33.5,2,2.083333333333333
18.0,23.0,6.0,41.5,2,16.666666666666664
1885.0,23.0,5974.0,33.89936608557845,4,4.562334217506631
521.0,28.0,32.0,33.89936608557845,6,10.9404990403071
387.0,61.0,1.0,4.0,4,2.0671834625323
873.0,63.0,35.0,20.0,7,11.225658648339062
278.0,72.0,11.0,33.89936608557845,4,48.561151079136685
764.0,4.0,1.0,33.89936608557845,6,0.1308900523560209
9003.0,7.0,367.0,33.89936608557845,6,5.5425969121403975
178.0,11.0,173.0,33.89936608557845,6,3.932584269662921
421.0,5.0,16.0,33.89936608557845,4,1.9002375296912115
440.0,6.0,5.0,14.5,4,2.727272727272727
3630.0,22.0,9136.0,33.89936608557845,6,3.608815426997245
780.0,13.0,1177.0,33.89936608557845,6,0.2564102564102564
881.0,14.0,3.0,33.89936608557845,6,0.681044267877412
523.0,14.0,4.0,28.0,4,5.353728489483748
450.0,7.0,14.0,33.89936608557845,6,4.666666666666667
4902.0,29.0,8046.0,33.89936608557845,6,6.364749082007344
157.0,14.0,55.0,33.89936608557845,4,8.9171974522293
81.0,18.0,1.0,31.5,7,1.2345679012345678
17.0,17.0,0.0,34.0,7,5.88235294117647
368.0,3.0,1.0,33.89936608557845,6,1.9021739130434785
1053.0,5.0,183.0,29.0,4,1.519468186134853
7.0,156.0,5.0,69.0,0,0.0
601.0,2.0,44.0,41.5,4,3.6605657237936775
810.0,8.0,9.0,33.89936608557845,6,1.4814814814814816
1027.0,18.0,20.0,33.89936608557845,6,12.755598831548198
12.0,11.0,35.0,41.5,3,0.0
133.0,11.0,6.0,29.5,2,16.541353383458645
1507.0,1.0,23.0,33.5,6,10.41804910418049
602.0,3.0,4.0,33.89936608557845,7,5.3156146179402
3055.0,21.0,404.0,16.5,6,6.710310965630114
695.0,8.0,5.0,33.89936608557845,6,0.8633093525179856
100.0,87.0,11.0,41.5,4,33.0
320.0,7.0,20.0,33.89936608557845,6,5.625
50.0,1.0,1.0,33.5,4,4.0
126.0,1.0,0.0,41.5,6,0.7936507936507936
17535.0,57.0,2093.0,33.89936608557845,6,36.6581123467351
130.0,12.0,3.0,39.0,4,4.615384615384616
132.0,5.0,2.0,7.0,6,0.7575757575757576
172.0,7.0,14.0,33.89936608557845,6,0.5813953488372093
14.0,96.0,2.0,69.0,0,7.142857142857142
6154.0,18.0,2708.0,33.89936608557845,6,4.777380565485863
410.0,77.0,748.0,39.0,4,42.19512195121951
67.0,6.0,0.0,34.0,4,5.970149253731343
113.0,14.0,52.0,33.89936608557845,4,5.3097345132743365
842.0,4.0,17.0,33.89936608557845,6,7.007125890736342
122.0,5.0,0.0,67.5,2,3.278688524590164
746.0,12.0,597.0,33.89936608557845,4,5.361930294906166
250.0,25.0,1.0,17.5,6,10.8
40.0,32.0,0.0,33.89936608557845,7,2.5
103.0,7.0,1.0,3.0,4,5.825242718446602
4363.0,13.0,362.0,33.89936608557845,6,8.022003208801284
469.0,7.0,11.0,41.0,4,1.7057569296375266
81.0,15.0,16.0,41.5,4,11.11111111111111
33.0,19.0,1.0,33.89936608557845,1,3.0303030303030303
43.0,100.0,6.0,41.5,4,46.51162790697674
44.0,63.0,35.0,33.89936608557845,3,27.27272727272727
70.0,16.0,9.0,33.89936608557845,6,15.714285714285714
720.0,19.0,129.0,59.0,4,3.055555555555556
21.0,14.0,4.0,41.5,3,9.523809523809524
1143.0,28.0,269.0,33.89936608557845,0,2.012248468941382
242.0,3.0,22.0,33.89936608557845,6,4.545454545454546
501.0,15.0,67.0,33.89936608557845,4,1.1976047904191618
54.0,89.0,397.0,41.5,4,62.96296296296296
62.0,38.0,0.0,44.0,7,9.67741935483871
1153.0,26.0,758.0,33.5,4,9.800520381613184
1320.0,25.0,20.0,33.89936608557845,4,3.636363636363636
149.0,78.0,8.0,19.5,4,28.85906040268457
40.0,14.0,2.0,34.0,2,7.5
3670.0,7.0,3.0,33.5,6,8.71934604904632
85.0,35.0,1.0,12.0,4,1.1764705882352942
60.0,18.0,0.0,39.0,7,8.333333333333332
440.0,2.0,0.0,41.5,6,0.2272727272727272
200.0,15.0,82.0,33.89936608557845,4,5.5
739.0,5.0,3.0,41.5,6,0.5412719891745602
618.0,18.0,636.0,33.89936608557845,3,6.634304207119741
300.0,0.0,3.0,33.5,7,1.0
15459.0,23.0,17115.0,33.89936608557845,6,29.982534445953814
89.0,7.0,0.0,6.0,6,1.1235955056179776
1239.0,44.0,11.0,33.89936608557845,6,11.702986279257466
262.0,7.0,1.0,33.89936608557845,6,5.7251908396946565
200.0,21.0,37.0,60.0,4,11.5
225.0,22.0,59.0,33.89936608557845,6,18.666666666666668
668.0,18.0,76.0,33.89936608557845,6,2.694610778443114
400.0,13.0,4.0,14.5,6,2.25
484.0,2.0,9.0,17.5,4,13.429752066115702
43.0,37.0,2.0,41.5,4,2.3255813953488373
598.0,9.0,2.0,33.89936608557845,6,11.036789297658862
793.0,9.0,509.0,33.89936608557845,6,2.269861286254729
200.0,9.0,1.0,33.5,2,0.5
149.0,17.0,1.0,41.5,4,7.38255033557047
1259.0,13.0,368.0,33.89936608557845,4,8.18109610802224
750.0,8.0,467.0,33.89936608557845,6,0.2666666666666666
41188.0,33.0,37.0,33.89936608557845,6,99.98300475866758
3651.0,14.0,134.0,35.5,7,2.026841961106546
1025.0,11.0,7.0,14.0,6,0.878048780487805
1992.0,11.0,460.0,33.89936608557845,7,2.7610441767068274
75.0,8.0,0.0,12.0,4,1.3333333333333337
1000.0,7.0,12.0,5.5,6,2.6
5388.0,46.0,6.0,41.5,7,0.6310319227913883
5815.0,34.0,552.0,33.89936608557845,4,55.83834909716251
503.0,11.0,262.0,33.89936608557845,6,2.783300198807157
713.0,21.0,45.0,31.5,4,7.573632538569424
36.0,16.0,0.0,31.5,2,11.11111111111111
360.0,8.0,12.0,33.89936608557845,6,3.055555555555556
1124.0,10.0,29.0,41.5,6,3.113879003558719
410.0,17.0,38.0,33.89936608557845,4,5.609756097560976
44.0,70.0,170.0,41.5,4,11.363636363636363
300.0,16.0,6.0,6.5,4,8.0
489.0,28.0,658.0,33.89936608557845,6,6.5439672801636
9.0,35.0,0.0,41.5,2,22.22222222222222
2249.0,18.0,2995.0,33.89936608557845,6,2.0898176967541127
180.0,12.0,6.0,31.5,4,6.111111111111111
6081.0,34.0,172.0,21.5,6,22.69363591514553
729.0,10.0,16.0,33.5,4,6.721536351165981
3647.0,6.0,63.0,41.5,6,6.306553331505346
1200.0,19.0,66.0,33.89936608557845,6,5.666666666666666
526.0,7.0,55.0,41.5,6,2.281368821292776
624.0,13.0,482.0,33.89936608557845,4,3.205128205128205
373.0,20.0,68.0,33.89936608557845,6,5.093833780160858
538.0,61.0,99.0,14.5,4,16.91449814126394
1183.0,20.0,29.0,33.89936608557845,6,2.028740490278952
1712.0,25.0,7203.0,33.89936608557845,6,17.990654205607477
873.0,6.0,14.0,17.5,4,1.3745704467353952
82.0,32.0,0.0,35.0,3,9.75609756097561
841.0,21.0,795.0,41.5,4,22.473246135552916
7744.0,27.0,16273.0,33.89936608557845,6,13.584710743801654
63.0,17.0,1.0,29.0,2,1.5873015873015872
420.0,6.0,1.0,39.0,2,0.9523809523809524
1167.0,31.0,884.0,33.89936608557845,6,7.28363324764353
173.0,5.0,0.0,4.0,4,6.9364161849710975
363.0,7.0,19.0,33.89936608557845,6,1.6528925619834711
43695.0,21.0,15383.0,33.89936608557845,6,22.631880077812102
479.0,8.0,16.0,33.89936608557845,4,1.2526096033402925
1522.0,8.0,87.0,41.5,6,0.7227332457293035
484.0,60.0,52.0,41.0,4,16.32231404958678
10.0,41.0,4.0,41.0,4,40.0
1851.0,15.0,219.0,33.89936608557845,4,7.401404646137223
1200.0,9.0,124.0,33.89936608557845,6,0.3333333333333333
29.0,51.0,1.0,41.5,0,6.896551724137931
861.0,7.0,120.0,41.5,6,16.957026713124275
180.0,22.0,7.0,34.5,4,8.88888888888889
150.0,39.0,14.0,69.0,2,16.0
50.0,158.0,0.0,54.0,4,20.0
751.0,13.0,10.0,14.0,6,1.8641810918774968
971.0,14.0,273.0,33.89936608557845,6,5.76725025746653
71.0,8.0,4.0,34.0,4,19.718309859154928
885.0,4.0,87.0,33.89936608557845,6,1.1299435028248588
4292.0,7.0,76.0,41.0,6,2.096924510717614
204.0,20.0,50.0,33.89936608557845,3,5.88235294117647
6790.0,22.0,711.0,33.89936608557845,6,3.74079528718704
75.0,21.0,38.0,29.0,4,5.333333333333334
865.0,16.0,56.0,33.89936608557845,6,2.6589595375722546
48.0,5.0,2.0,34.0,2,2.083333333333333
671.0,6.0,874.0,33.89936608557845,3,1.7883755588673622
699.0,10.0,2063.0,33.89936608557845,6,2.432045779685265
8687.0,36.0,4397.0,33.89936608557845,6,2.912397835846668
301.0,8.0,0.0,41.5,6,0.3322259136212624
120.0,10.0,21.0,33.89936608557845,4,1.6666666666666667
260.0,20.0,8.0,31.5,4,21.153846153846157
845.0,39.0,226.0,40.0,6,5.562130177514793
309.0,34.0,48.0,33.89936608557845,4,4.53074433656958
10.0,64.0,8.0,49.0,3,40.0
14.0,83.0,1.0,41.5,4,42.85714285714285
4441.0,18.0,8295.0,33.89936608557845,6,9.952713352848455
500.0,8.0,1.0,33.89936608557845,6,2.2
1558.0,17.0,1296.0,33.89936608557845,6,11.0397946084724
3604.0,4.0,28.0,10.0,5,7.574916759156493
35.0,8.0,0.0,6.0,3,5.714285714285714
22.0,41.0,8.0,41.5,4,9.090909090909092
303.0,24.0,893.0,41.5,4,100.0
74.0,7.0,6.0,31.5,4,10.81081081081081
1478.0,21.0,29.0,6.0,6,2.165087956698241
36.0,133.0,2.0,69.0,4,22.22222222222222
264.0,5.0,4.0,14.0,6,0.7575757575757576
69.0,97.0,217.0,41.5,4,88.40579710144928
1128.0,23.0,132.0,33.89936608557845,6,9.840425531914894
300.0,1.0,4.0,33.5,7,0.3333333333333333
2007.0,8.0,547.0,41.5,4,0.4982561036372696
61.0,29.0,1.0,33.89936608557845,4,0.0
12794.0,8.0,1381.0,33.89936608557845,6,2.9388775988744724
200.0,2.0,1.0,33.89936608557845,4,1.5
39.0,84.0,0.0,33.89936608557845,4,2.564102564102564
744.0,16.0,6.0,12.0,6,1.747311827956989
3124.0,2.0,203.0,33.89936608557845,4,0.6081946222791293
1220.0,1.0,159.0,33.89936608557845,4,0.4098360655737705
120.0,1.0,0.0,38.5,7,0.8333333333333334
135.0,13.0,14.0,33.89936608557845,2,17.037037037037038
1252.0,2.0,70.0,41.5,6,0.4792332268370607
1046.0,34.0,684.0,22.5,4,15.487571701720842
310.0,12.0,5.0,33.89936608557845,6,2.5806451612903225
662.0,5.0,464.0,33.89936608557845,4,6.042296072507553
770.0,3.0,35.0,33.89936608557845,6,1.5584415584415583
390.0,9.0,4.0,33.89936608557845,4,9.743589743589745
84496.0,61.0,967.0,33.89936608557845,7,12.492899072145429
350.0,26.0,30.0,40.0,4,10.857142857142858
930.0,5.0,50.0,39.0,5,0.967741935483871
46.0,74.0,66.0,41.5,4,36.95652173913043
245.0,10.0,4.0,33.89936608557845,6,4.489795918367347
123.0,14.0,3.0,33.89936608557845,6,6.504065040650407
200.0,19.0,0.0,20.5,0,6.0
378.0,15.0,17.0,33.89936608557845,4,5.555555555555555
531.0,10.0,1.0,19.5,6,1.8832391713747645
244.0,4.0,9.0,33.89936608557845,4,0.819672131147541
306.0,6.0,6.0,33.89936608557845,4,4.248366013071895
2100.0,2.0,7.0,33.89936608557845,6,0.2380952380952381
463.0,14.0,1.0,13.5,6,3.2397408207343417
68.0,1.0,0.0,33.89936608557845,4,1.4705882352941175
300.0,21.0,123.0,33.89936608557845,4,0.3333333333333333
26.0,255.0,57.0,41.5,4,3.8461538461538463
254.0,7.0,6.0,33.89936608557845,6,7.086614173228346
103.0,21.0,0.0,39.0,7,8.737864077669903
640.0,18.0,12.0,41.5,6,7.187499999999999
519.0,39.0,33.0,33.89936608557845,6,0.0
541.0,16.0,42.0,65.0,4,6.469500924214418
113.0,26.0,1.0,31.5,3,15.929203539823009
1053.0,11.0,103.0,33.89936608557845,6,1.2345679012345678
502.0,5.0,3.0,31.5,2,0.99601593625498
1378.0,20.0,216.0,33.89936608557845,6,8.34542815674891
918.0,8.0,28.0,33.89936608557845,6,0.8714596949891068
4561.0,8.0,202.0,41.5,6,2.2802017101512826
604.0,15.0,281.0,16.0,4,0.9933774834437088
1612.0,20.0,418.0,33.89936608557845,6,3.411910669975186
110.0,5.0,2.0,33.89936608557845,6,7.272727272727272
43.0,7.0,0.0,41.5,7,11.627906976744184
2797.0,54.0,1599.0,33.89936608557845,6,13.836253128351805
1715.0,14.0,16.0,13.5,4,4.314868804664723
300.0,20.0,225.0,75.0,4,50.0
301.0,2.0,0.0,33.89936608557845,4,0.3322259136212624
320.0,9.0,94.0,41.5,4,3.4375000000000004
396.0,24.0,658.0,33.89936608557845,4,5.05050505050505
507.0,3.0,16.0,31.5,4,5.9171597633136095
409.0,11.0,41.0,33.89936608557845,4,2.2004889975550124
1471.0,6.0,58.0,33.89936608557845,6,1.699524133242692
617.0,43.0,20.0,33.89936608557845,4,16.693679092382496
57.0,89.0,0.0,69.0,4,24.561403508771928
278.0,4.0,146.0,33.89936608557845,7,1.4388489208633095
355.0,8.0,76.0,33.89936608557845,6,0.8450704225352111
900.0,4.0,22.0,39.0,6,13.555555555555555
257.0,4.0,6.0,33.89936608557845,4,0.3891050583657587
384.0,70.0,86.0,13.0,3,8.854166666666668
1312.0,21.0,1165.0,33.89936608557845,6,8.536585365853659
1006.0,7.0,20.0,41.0,4,0.3976143141153081
7500.0,20.0,1844.0,41.0,7,4.133333333333333
1351.0,16.0,735.0,33.89936608557845,6,3.03478904515174
1398.0,8.0,36.0,41.5,7,2.0028612303290414
30.0,7.0,1.0,30.0,2,3.333333333333333
312.0,2.0,8.0,41.0,4,4.807692307692308
180.0,15.0,6.0,29.0,4,2.2222222222222223
180.0,18.0,195.0,33.89936608557845,4,4.444444444444445
138.0,28.0,20.0,6.0,4,26.08695652173913
120.0,9.0,1.0,33.5,4,4.166666666666666
55.0,1.0,0.0,34.5,7,9.090909090909092
665.0,12.0,15.0,33.89936608557845,4,3.007518796992481
240.0,2.0,3.0,33.89936608557845,7,2.9166666666666665
152.0,26.0,1.0,54.0,7,7.236842105263158
81.0,33.0,13.0,62.0,2,4.938271604938271
2654.0,3.0,57.0,41.5,6,1.6955538809344386
56.0,24.0,0.0,34.0,2,19.642857142857142
7.0,9.0,0.0,8.0,3,0.0
704.0,7.0,23.0,35.0,6,2.556818181818182
365.0,12.0,3.0,33.5,4,4.657534246575342
628.0,7.0,269.0,33.89936608557845,7,0.6369426751592357
913.0,12.0,56.0,33.89936608557845,6,1.2048192771084338
30.0,4.0,1.0,33.5,4,0.0
907.0,7.0,39.0,33.89936608557845,6,1.102535832414553
34.0,51.0,4.0,41.5,4,32.35294117647059
753.0,30.0,358.0,33.89936608557845,6,6.640106241699867
107.0,25.0,60.0,33.89936608557845,3,5.607476635514018
3484.0,3.0,89.0,41.5,6,2.755453501722158
311.0,46.0,0.0,41.5,6,37.29903536977492
882.0,4.0,10.0,33.89936608557845,6,0.7936507936507936
250.0,9.0,2.0,33.89936608557845,6,0.4
600.0,5.0,60.0,33.89936608557845,7,14.499999999999998
3024.0,17.0,35.0,41.5,4,2.876984126984127
534.0,6.0,0.0,11.5,6,0.1872659176029962
465.0,5.0,2.0,11.0,7,1.935483870967742
2520.0,21.0,52.0,21.0,6,6.746031746031746
525.0,40.0,15.0,33.89936608557845,6,3.8095238095238098
692.0,12.0,3.0,18.0,6,1.0115606936416186
48.0,6.0,1.0,31.5,2,10.416666666666668
243.0,50.0,1.0,33.89936608557845,6,40.32921810699588
3575.0,51.0,477.0,34.0,4,15.328671328671328
11.0,38.0,4.0,41.5,4,54.54545454545454
66.0,22.0,3.0,33.89936608557845,7,16.666666666666664
5.0,52.0,0.0,41.5,4,80.0
1886.0,8.0,372.0,33.89936608557845,6,1.166489925768823
83.0,0.0,0.0,38.5,7,6.024096385542169
18.0,49.0,11.0,41.5,4,38.88888888888889
353.0,27.0,0.0,21.5,7,54.95750708215298
300.0,6.0,0.0,33.0,6,0.6666666666666667
829.0,8.0,781.0,33.89936608557845,6,3.860072376357056
423.0,9.0,0.0,11.5,7,3.546099290780142
334.0,32.0,364.0,29.0,3,15.269461077844312
287.0,7.0,0.0,33.89936608557845,6,4.878048780487805
985.0,2.0,2.0,41.0,7,1.7258883248730963
33.0,25.0,0.0,29.0,0,6.0606060606060606
3084.0,28.0,172.0,33.89936608557845,6,6.614785992217899
2250.0,5.0,15.0,33.89936608557845,6,7.244444444444445
3331.0,47.0,2.0,33.89936608557845,0,1.801260882617833
250.0,5.0,2.0,33.89936608557845,6,2.4
300.0,34.0,4.0,33.89936608557845,6,4.666666666666667
446.0,4.0,0.0,11.5,6,0.2242152466367713
667.0,17.0,33.0,33.89936608557845,7,2.39880059970015
1315.0,22.0,1044.0,33.89936608557845,6,2.585551330798479
252.0,3.0,2.0,41.0,6,1.1904761904761905
309.0,8.0,6.0,33.89936608557845,4,0.9708737864077668
882.0,8.0,63.0,33.89936608557845,7,3.5147392290249435
185.0,17.0,39.0,67.5,4,8.108108108108109
935.0,16.0,541.0,33.89936608557845,6,10.481283422459892
265.0,26.0,85.0,41.5,6,1.509433962264151
22.0,58.0,4.0,33.89936608557845,3,4.545454545454546
1200.0,11.0,0.0,35.5,7,0.5
651.0,8.0,86.0,33.89936608557845,6,2.61136712749616
130.0,29.0,1.0,33.5,4,14.615384615384617
127.0,8.0,1.0,28.5,2,1.574803149606299
103.0,46.0,0.0,28.5,7,10.679611650485436
996.0,10.0,11.0,33.89936608557845,6,5.220883534136546
10.0,10.0,0.0,39.0,0,10.0
420.0,14.0,28.0,41.0,4,0.4761904761904762
208.0,3.0,2.0,41.5,7,1.9230769230769231
60.0,3.0,0.0,33.89936608557845,7,3.333333333333333
1106.0,13.0,109.0,31.5,6,61.93490054249548
938.0,32.0,237.0,33.89936608557845,6,15.884861407249469
23802.0,38.0,50684.0,33.89936608557845,6,120.8637929585749
354.0,17.0,225.0,33.89936608557845,6,12.71186440677966
60.0,22.0,15.0,39.0,7,15.0
473.0,8.0,7.0,33.89936608557845,6,1.9027484143763211
1596.0,1.0,421.0,33.89936608557845,4,0.4385964912280701
22439.0,27.0,2516.0,54.5,6,5.945006461963546
286.0,9.0,398.0,33.89936608557845,6,5.594405594405594
132.0,19.0,0.0,33.5,3,10.606060606060606
678.0,3.0,5.0,33.89936608557845,4,2.6548672566371683
25.0,7.0,0.0,33.89936608557845,7,32.0
404.0,2.0,27.0,33.89936608557845,6,3.4653465346534658
363.0,2.0,67.0,33.89936608557845,4,3.581267217630854
801.0,15.0,9.0,14.5,7,7.490636704119851
344.0,4.0,0.0,14.0,6,1.744186046511628
223.0,20.0,0.0,33.89936608557845,2,0.8968609865470852
604.0,22.0,1549.0,33.89936608557845,6,4.801324503311259
2055.0,13.0,133.0,10.5,6,1.119221411192214
1877.0,52.0,3517.0,41.5,6,25.57272242940863
83.0,42.0,68.0,58.5,4,26.506024096385545
105.0,12.0,0.0,37.5,0,22.857142857142858
500.0,51.0,7.0,32.5,6,17.4
1806.0,50.0,1149.0,33.89936608557845,4,10.35437430786268
692.0,11.0,16.0,33.89936608557845,4,2.167630057803468
406.0,19.0,0.0,20.0,0,11.822660098522167
50.0,56.0,38.0,41.5,4,38.0
300.0,7.0,3.0,33.5,7,0.6666666666666667
1447.0,12.0,93.0,17.0,6,5.874222529371113
48.0,3.0,6.0,33.89936608557845,2,6.25
